<?xml version="1.0" encoding="UTF-8" standalone="yes"?>
<addon id="plugin.video.NordesTv" name="[COLOR blue][B]Nordes[/B][/COLOR][COLOR white][B]Tv[/B][/COLOR]" version="3.2.1" provider-name="luis Carlos">
  <requires>
    <import addon="xbmc.python" version="2.24.0"/>
	<import addon="script.module.t0mm0.common" version="2.0.0"/>
    <import addon="script.module.beautifulsoup" version="3.2.1"/>
    <import addon="script.module.simple.downloader" version="0.9.4"/>
    <import addon="script.module.beautifulsoup4" />
    <import addon="script.module.simple.downloader" version="0.9.4"/>
    <import addon="script.module.requests" version="0.9.4"/>
    <import addon="script.module.httplib2" />
    <import addon="script.module.youtube.dl" optional="true"/>
    <import addon="script.module.urlresolver" optional="true"/>
    <import addon="script.module.simplejson" /> 
	<import addon="script.common.plugin.cache" version="2.5.2"/>
    <import addon="script.module.metahandler" version="2.5.1"/>
    <import addon="script.module.livestreamer"/>
    <import addon="script.module.pyamf"/>
	<import addon="script.module.addon.common" />
	<import addon="script.module.addon.signals" version="0.0.1"/>
    <import addon="script.module.unidecode" version = "0.4.16" />
  </requires>
  <extension point="xbmc.python.pluginsource" library="default.py">
        <provides>video</provides>
  </extension>
  	<extension point="xbmc.addon.repository" name="Repositorio NordesTv">
		<info compressed="false">https://raw.githubusercontent.com/luis45carlos/RepoNordesTv/master/addons.xml</info>
		<checksum>https://raw.githubusercontent.com/luis45carlos/RepoNordesTv/master/addons.xml.md5</checksum>
		<datadir zip="true">https://raw.githubusercontent.com/luis45carlos/RepoNordesTv/master/ZipFiles/</datadir>
    </extension>
  <extension point="xbmc.addon.metadata">
    <summary lang="en">NordeTv</summary>
    <description lang="en">[COLOR yellow]l[/COLOR] TV AO VIVO[COLOR yellow]l[/COLOR] FILMES [COLOR yellow]l[/COLOR] SERIES [COLOR yellow]l[/COLOR] WEB RADIO [COLOR yellow]l[/COLOR] NOVELAS [COLOR yellow]l[/COLOR] DESENHOS [COLOR yellow]l[/COLOR]
[COLOR yellow]l[/COLOR] Add-on [COLOR blue][B]Nordes[/B][/COLOR][COLOR white][B]TV[/B][/COLOR] esta protegido de usso da lei de direitos autorais especificamente a secao 107.[COLOR yellow]l[/COLOR]O autor e responsavel pelo uso deste Add-on. [COLOR blue][B]Nordes[/B][/COLOR][COLOR white][B]TV[/B][/COLOR]
[COLOR yellow]l[/COLOR] O autor nao e de forma alguma afiliado à Kodi, a Team Kodi ou a XBMC Foundation. Este é um recurso sem fins lucrativos, [COLOR yellow]l[/COLOR]
   
             [COLOR blue][B]Nordes[/B][/COLOR][COLOR white][B]TV[/B][/COLOR]
[COLOR yellow]l[/COLOR]- DO CINEMA PARA SUA CASA -[COLOR yellow]l[/COLOR]</description>
    <platform>all</platform>
  </extension>
</addon>