<?xml version="1.0" encoding="UTF-8" standalone="yes"?>
<addon id="script.NordesTVmaintenance"
       name="[COLOR green][B]Nordes[/COLOR][COLOR yellow][B]Tv[/B][/COLOR] [COLOR lime][B]Maintenance[/B][/COLOR]"
       version="1.2"
       provider-name="Luis Carlos">
  <requires>
    <import addon="xbmc.python" version="2.1.0"/>
  </requires>
 	<extension point="xbmc.python.pluginsource" library="default.py">
		<provides>video executable</provides>
	</extension> 
  <extension point="xbmc.service" library="service.py" start="startup" />
  <extension point="xbmc.addon.metadata">
    <platform>all</platform>
    <summary>Maintenance</summary>
    <description>[COLOR yellow]l[/COLOR]Sua ferramenta única para limpar seu dispositivo.[COLOR yellow]l[/COLOR] Todos os Créditos para [B][COLOR gold]Repositorio[/COLOR]: [COLOR blue]KelTecMP[/COLOR] [COLOR red]IPTV[/COLOR][/B] por deixar disponivel acessivel mais uma grande ferramenta que se encontra disponivel [B][COLOR gold]Repositorio[/COLOR]: [COLOR blue]KelTecMP[/COLOR] [COLOR red]IPTV[/COLOR][/B].[COLOR yellow]l[/COLOR] 
	E agora também [COLOR blue][B]Nordes[/B][/COLOR][COLOR white][B]TV[/B][/COLOR] [COLOR yellow]l[/COLOR]</description>
    <language></language>
    <license></license>
    <source></source>
    <forum></forum>
    <website></website>
  </extension>
</addon>
